<?xml version="1.0" encoding="UTF-8"?>
<project-private xmlns="http://www.netbeans.org/ns/project-private/1">
    <editor-bookmarks xmlns="http://www.netbeans.org/ns/editor-bookmarks/2" lastBookmarkId="1">
        <file>
            <url>src/doanjava/QuanLyKhachHang.java</url>
            <bookmark id="1">
                <name/>
                <line>469</line>
                <key/>
            </bookmark>
        </file>
    </editor-bookmarks>
    <open-files xmlns="http://www.netbeans.org/ns/projectui-open-files/2">
        <group>
            <file>file:/D:/MONHOC/LtJava/DoAnJava/src/doanjava/SanPhamBUS.java</file>
            <file>file:/D:/MONHOC/LtJava/DoAnJava/src/doanjava/HoaDonDTO.java</file>
            <file>file:/D:/MONHOC/LtJava/DoAnJava/src/doanjava/HoaDonDAO.java</file>
            <file>file:/D:/MONHOC/LtJava/DoAnJava/src/doanjava/KhuyenMaiDAO.java</file>
            <file>file:/D:/MONHOC/LtJava/DoAnJava/src/doanjava/KhuyenMaiDTO.java</file>
            <file>file:/D:/MONHOC/LtJava/DoAnJava/src/doanjava/KhachHangDTO.java</file>
            <file>file:/D:/MONHOC/LtJava/DoAnJava/src/doanjava/HoaDonBUS.java</file>
            <file>file:/D:/MONHOC/LtJava/DoAnJava/src/doanjava/KhuyenMaiBUS.java</file>
            <file>file:/D:/MONHOC/LtJava/DoAnJava/src/doanjava/SanPhamDTO.java</file>
            <file>file:/D:/MONHOC/LtJava/DoAnJava/src/doanjava/QuanLyKhachHang.java</file>
            <file>file:/D:/MONHOC/LtJava/DoAnJava/src/doanjava/NhanVienDTO.java</file>
            <file>file:/D:/MONHOC/LtJava/DoAnJava/src/doanjava/KhachHangDAO.java</file>
            <file>file:/D:/MONHOC/LtJava/DoAnJava/src/doanjava/TheLoaiBUS.java</file>
            <file>file:/D:/MONHOC/LtJava/DoAnJava/src/doanjava/DoAnJava.java</file>
            <file>file:/D:/MONHOC/LtJava/DoAnJava/src/doanjava/TheLoai.java</file>
            <file>file:/D:/MONHOC/LtJava/DoAnJava/src/doanjava/NhanVienDAO.java</file>
            <file>file:/D:/MONHOC/LtJava/DoAnJava/src/doanjava/NhanVienBUS.java</file>
            <file>file:/D:/MONHOC/LtJava/DoAnJava/src/doanjava/TheLoaiDAO.java</file>
            <file>file:/D:/MONHOC/LtJava/DoAnJava/src/doanjava/ChiTietHDDAO.java</file>
            <file>file:/D:/MONHOC/LtJava/DoAnJava/src/doanjava/KhachHangBUS.java</file>
            <file>file:/D:/MONHOC/LtJava/DoAnJava/src/doanjava/ChuongTrinhKhuyenMai.java</file>
            <file>file:/D:/MONHOC/LtJava/DoAnJava/src/doanjava/ChiTietHDBUS.java</file>
            <file>file:/D:/MONHOC/LtJava/DoAnJava/src/doanjava/QuanLySanPham.java</file>
            <file>file:/D:/MONHOC/LtJava/DoAnJava/src/doanjava/TheLoaiDTO.java</file>
            <file>file:/D:/MONHOC/LtJava/DoAnJava/src/doanjava/giohangDTO.java</file>
            <file>file:/D:/MONHOC/LtJava/DoAnJava/src/doanjava/ChiTietHDDTO.java</file>
            <file>file:/D:/MONHOC/LtJava/DoAnJava/src/doanjava/SanPhamDAO.java</file>
            <file>file:/D:/MONHOC/LtJava/DoAnJava/src/doanjava/BanHang.java</file>
        </group>
    </open-files>
</project-private>
